title,category,link
Sapiens,history,https://www.audible.com/pd/History/Sapiens-Audiobook/B0741G911Q
The Radical King,history,https://www.audible.com/pd/History/The-Radical-King-Audiobook/B0799SY5F9
Killers of the Flower Moon,history,https://www.audible.com/pd/History/Killers-of-the-Flower-Moon-Audiobook/B01NAEEJJV
The Devil in the White City,history,https://www.audible.com/pd/History/The-Devil-in-the-White-City-Audiobook/B002V0Q0LK
The Art of War,history,https://www.audible.com/pd/History/The-Art-of-War-Audiobook/B00URXOQ1E
Tribe,history,https://www.audible.com/pd/History/Tribe-Audiobook/B01D57FN3I
12 Strong,history,https://www.audible.com/pd/History/12-Strong-Audiobook/B004VFQGRQ
Between the World and Me,history,https://www.audible.com/pd/Bios-Memoirs/Between-the-World-and-Me-Audiobook/B010N1IC5A
A Short History of Nearly Everything,history,https://www.audible.com/pd/History/A-Short-History-of-Nearly-Everything-Audiobook/B002V0KFPW
Alone,history,https://www.audible.com/pd/History/Alone-Audiobook/B075QJCQ89
The Right Stuff,history,https://www.audible.com/pd/History/The-Right-Stuff-Audiobook/B077K8CR41
Hidden Figures,history,https://www.audible.com/pd/History/Hidden-Figures-Audiobook/B01I28NTJU
The Other America - A Speech from The Radical King (Free),history,https://www.audible.com/pd/History/The-Other-America-A-Speech-from-The-Radical-King-Free-Audiobook/B0799S4HQ6
"Guns, Germs and Steel",history,https://www.audible.com/pd/History/Guns-Germs-and-Steel-Audiobook/B004G7VN04
The Boys in the Boat,history,https://www.audible.com/pd/History/The-Boys-in-the-Boat-Audiobook/B00D3PBYAE
Code Girls,history,https://www.audible.com/pd/History/Code-Girls-Audiobook/B075QPGYYH
Matriarch,history,https://www.audible.com/pd/Bios-Memoirs/Matriarch-Audiobook/B06Y48TGQC
A People's History of the United States,history,https://www.audible.com/pd/History/A-Peoples-History-of-the-United-States-Audiobook/B0030H777E
Chappaquiddick,history,https://www.audible.com/pd/Bios-Memoirs/Chappaquiddick-Audiobook/B07BMH83JB
Alexander the Great,history,https://www.audible.com/pd/Bios-Memoirs/Alexander-the-Great-Audiobook/B06XGM1X1D
The Triumph of Christianity,history,https://www.audible.com/pd/History/The-Triumph-of-Christianity-Audiobook/B071JMPRTH
Unbroken,history,https://www.audible.com/pd/Bios-Memoirs/Unbroken-Audiobook/B004BAUKFK
Benjamin Franklin: An American Life,history,https://www.audible.com/pd/Bios-Memoirs/Benjamin-Franklin-An-American-Life-Audiobook/B004VA8ZVQ
"The Gulag Archipelago, Volume l",history,https://www.audible.com/pd/History/The-Gulag-Archipelago-Volume-l-Audiobook/B005JZIYI6
The Color of Law,history,https://www.audible.com/pd/History/The-Color-of-Law-Audiobook/B0747SYKJF
Debt - Updated and Expanded,history,https://www.audible.com/pd/History/Debt-Updated-and-Expanded-Audiobook/B015CYJGXA
Directorate S,history,https://www.audible.com/pd/History/Directorate-S-Audiobook/B075DJYSCT
The Operator,history,https://www.audible.com/pd/Bios-Memoirs/The-Operator-Audiobook/B01N6XS0HX
Washington: A Life,history,https://www.audible.com/pd/Bios-Memoirs/Washington-A-Life-Audiobook/B0044EMDEO
The Big Short,history,https://www.audible.com/pd/Business/The-Big-Short-Audiobook/B003B2ZV8K
The Great Influenza,history,https://www.audible.com/pd/History/The-Great-Influenza-Audiobook/B002UZLF8Y
The Square and the Tower,history,https://www.audible.com/pd/History/The-Square-and-the-Tower-Audiobook/B078PT8T2G
Endurance,history,https://www.audible.com/pd/History/Endurance-Audiobook/B002V9ZA6C
The Lost City of the Monkey God,history,https://www.audible.com/pd/History/The-Lost-City-of-the-Monkey-God-Audiobook/B01MRR1WCU
Killing England,history,https://www.audible.com/pd/History/Killing-England-Audiobook/B072N6C9DW
Team of Rivals,history,https://www.audible.com/pd/Bios-Memoirs/Team-of-Rivals-Audiobook/B00518NLX4
The Storm Before the Storm,history,https://www.audible.com/pd/History/The-Storm-Before-the-Storm-Audiobook/B0747WH1RK
The Looming Tower,history,https://www.audible.com/pd/History/The-Looming-Tower-Audiobook/B072HMNYKM
The Battle of Britain,history,https://www.audible.com/pd/History/The-Battle-of-Britain-Audiobook/B075K3TXXY
Get Well Soon,history,https://www.audible.com/pd/History/Get-Well-Soon-Audiobook/B01MTC3V6Y
Lost to the West,history,https://www.audible.com/pd/History/Lost-to-the-West-Audiobook/B002V19ZPM
1776,history,https://www.audible.com/pd/History/1776-Audiobook/B002V8KSTW
The Radium Girls,history,https://www.audible.com/pd/History/The-Radium-Girls-Audiobook/B06ZXTMXSH
Genghis Khan and the Making of the Modern World,history,https://www.audible.com/pd/Bios-Memoirs/Genghis-Khan-and-the-Making-of-the-Modern-World-Audiobook/B00375PP4Q
With the Old Breed,history,https://www.audible.com/pd/Bios-Memoirs/With-the-Old-Breed-Audiobook/B00FOX9E2S
Undaunted Courage,history,https://www.audible.com/pd/History/Undaunted-Courage-Audiobook/B002V0QS0I
The Trial of Socrates,history,https://www.audible.com/pd/History/The-Trial-of-Socrates-Audiobook/B01I4090WQ
1453,history,https://www.audible.com/pd/History/1453-Audiobook/B01JB4JTUM
Spartan Warfare,history,https://www.audible.com/pd/History/Spartan-Warfare-Audiobook/B01B8IROXI
Defining Moments in Black History,history,https://www.audible.com/pd/History/Defining-Moments-in-Black-History-Audiobook/B0742GWV5X
Titan,history,https://www.audible.com/pd/Bios-Memoirs/Titan-Audiobook/B00ECGLKLG
Rocket Men,history,https://www.audible.com/pd/History/Rocket-Men-Audiobook/B002UZZDYQ
"Roman Emperors - Good, Bad, and Crazy",history,https://www.audible.com/pd/History/Roman-Emperors-Good-Bad-and-Crazy-Audiobook/B01B8IREGU
Indestructible,history,https://www.audible.com/pd/Bios-Memoirs/Indestructible-Audiobook/B01K8QAD34
The Rise and Fall of the Third Reich,history,https://www.audible.com/pd/History/The-Rise-and-Fall-of-the-Third-Reich-Audiobook/B003VWJAPA
The Westies,history,https://www.audible.com/pd/History/The-Westies-Audiobook/B071JW7NC7
The Hiding Place,history,https://www.audible.com/pd/Bios-Memoirs/The-Hiding-Place-Audiobook/B005S44J2I
How the Words of Modern English Emerged,history,https://www.audible.com/pd/History/How-the-Words-of-Modern-English-Emerged-Audiobook/B01KBAK6TS
The Hidden Lives of Tudor Women,history,https://www.audible.com/pd/History/The-Hidden-Lives-of-Tudor-Women-Audiobook/B0735ZX1GJ
Rocket Men,history,https://www.audible.com/pd/Bios-Memoirs/Rocket-Men-Audiobook/B075GYJGWQ
Ghost Wars,history,https://www.audible.com/pd/History/Ghost-Wars-Audiobook/B005ZTQ4RY
The Manhattan Project,history,https://www.audible.com/pd/History/The-Manhattan-Project-Audiobook/B01B8JJKAM
The Warmth of Other Suns,history,https://www.audible.com/pd/History/The-Warmth-of-Other-Suns-Audiobook/B004RC37C0
The Crusades,history,https://www.audible.com/pd/History/The-Crusades-Audiobook/B01H41BUZG
Band of Brothers,history,https://www.audible.com/pd/History/Band-of-Brothers-Audiobook/B007IKV2P2
Fingerprints of the Gods,history,https://www.audible.com/pd/History/Fingerprints-of-the-Gods-Audiobook/B01GQO53QE
Stalin,history,https://www.audible.com/pd/History/Stalin-Audiobook/B01KBAKS0A
John Adams,history,https://www.audible.com/pd/Bios-Memoirs/John-Adams-Audiobook/B002VACOB0
The Other Side of History: Daily Life in the Ancient World,history,https://www.audible.com/pd/History/The-Other-Side-of-History-Daily-Life-in-the-Ancient-World-Audiobook/B00DDVPXJG
Destiny of the Republic,history,https://www.audible.com/pd/History/Destiny-of-the-Republic-Audiobook/B005KM0ME2
1491,history,https://www.audible.com/pd/History/1491-Audiobook/B01KTWQKTS
American Wolf,history,https://www.audible.com/pd/History/American-Wolf-Audiobook/B074F4R3S1
In the Heart of the Sea,history,https://www.audible.com/pd/History/In-the-Heart-of-the-Sea-Audiobook/B002V5B7U4
Being a Poor Roman,history,https://www.audible.com/pd/History/Being-a-Poor-Roman-Audiobook/B01DPSKHFG
Echo in Ramadi,history,https://www.audible.com/pd/History/Echo-in-Ramadi-Audiobook/B079VV9PVN
Lone Survivor,history,https://www.audible.com/pd/Bios-Memoirs/Lone-Survivor-Audiobook/B007VQX5CG
The Story of Human Language,history,https://www.audible.com/pd/History/The-Story-of-Human-Language-Audiobook/B00DGBECNG
The Mother Tongue,history,https://www.audible.com/pd/History/The-Mother-Tongue-Audiobook/B014VE660I
The History of the Ancient World,history,https://www.audible.com/pd/History/The-History-of-the-Ancient-World-Audiobook/B00CYNMAIG
Great Mythologies of the World,history,https://www.audible.com/pd/History/Great-Mythologies-of-the-World-Audiobook/B013KRSIVC
The Rise and Fall of Ancient Egypt,history,https://www.audible.com/pd/History/The-Rise-and-Fall-of-Ancient-Egypt-Audiobook/B075FX4NLV
Empire,history,https://www.audible.com/pd/History/Empire-Audiobook/B075VFT886
The Power of Myth: Programs 1-6,history,https://www.audible.com/pd/History/The-Power-of-Myth-Programs-1-6-Audiobook/B002V59WRE
The Templars,history,https://www.audible.com/pd/History/The-Templars-Audiobook/B074F4FKFF
The Silk Roads,history,https://www.audible.com/pd/History/The-Silk-Roads-Audiobook/B01B6OC0NS
Being A Rich Roman,history,https://www.audible.com/pd/History/Being-A-Rich-Roman-Audiobook/B01DPQ306Q
Mythos,history,https://www.audible.com/pd/Classics/Mythos-Audiobook/B07253QHF2
Killing the Rising Sun,history,https://www.audible.com/pd/History/Killing-the-Rising-Sun-Audiobook/B01EIL040M
The Dead Hand,history,https://www.audible.com/pd/History/The-Dead-Hand-Audiobook/B002V0RAAK
The Last Punisher,history,https://www.audible.com/pd/Bios-Memoirs/The-Last-Punisher-Audiobook/B01JZSJ0VW
The Early Years of Ramses the Great,history,https://www.audible.com/pd/History/The-Early-Years-of-Ramses-the-Great-Audiobook/B01DPQ3E58
The Sixth Extinction,history,https://www.audible.com/pd/History/The-Sixth-Extinction-Audiobook/B00FZ4JEAS
The Frontiersmen,history,https://www.audible.com/pd/Bios-Memoirs/The-Frontiersmen-Audiobook/B004QXW564
Dead Wake,history,https://www.audible.com/pd/History/Dead-Wake-Audiobook/B00R8JJE12
Zealot,history,https://www.audible.com/pd/Bios-Memoirs/Zealot-Audiobook/B00DVQEVBY
Helter Skelter,history,https://www.audible.com/pd/History/Helter-Skelter-Audiobook/B005KBQQZC
Killing Kennedy,history,https://www.audible.com/pd/History/Killing-Kennedy-Audiobook/B009G44NK4
13 Hours,history,https://www.audible.com/pd/Bios-Memoirs/13-Hours-Audiobook/B00MMHE384
The Food Explorer,history,https://www.audible.com/pd/Bios-Memoirs/The-Food-Explorer-Audiobook/B07981NVCT
Thomas Jefferson: The Art of Power,history,https://www.audible.com/pd/Bios-Memoirs/Thomas-Jefferson-The-Art-of-Power-Audiobook/B009R9KT74
Black Against Empire,history,https://www.audible.com/pd/History/Black-Against-Empire-Audiobook/B01ENXELU4
Bonhoeffer,history,https://www.audible.com/pd/Bios-Memoirs/Bonhoeffer-Audiobook/B003Z8QZXA
Tin Can Titans,history,https://www.audible.com/pd/History/Tin-Can-Titans-Audiobook/B074JL8LBC
A Historical Tour of London,history,https://www.audible.com/pd/History/A-Historical-Tour-of-London-Audiobook/B01DPQ3N7M
The Big Book of Serial Killers,history,https://www.audible.com/pd/Bios-Memoirs/The-Big-Book-of-Serial-Killers-Audiobook/B074F3GMLD
Killing Lincoln,history,https://www.audible.com/pd/History/Killing-Lincoln-Audiobook/B005OCRVZ6
Stamped from the Beginning,history,https://www.audible.com/pd/History/Stamped-from-the-Beginning-Audiobook/B01N27TTT3
Surprises in the Ancestry of Old English,history,https://www.audible.com/pd/History/Surprises-in-the-Ancestry-of-Old-English-Audiobook/B01KBAJYYQ
Fantasyland,history,https://www.audible.com/pd/History/Fantasyland-Audiobook/B07576HL6H
The Wright Brothers,history,https://www.audible.com/pd/History/The-Wright-Brothers-Audiobook/B00TA5BJ4W
Krakatoa,history,https://www.audible.com/pd/History/Krakatoa-Audiobook/B002V5H10Y
In the Garden of Beasts,history,https://www.audible.com/pd/History/In-the-Garden-of-Beasts-Audiobook/B004WPQ3V4
Ordinary Men,history,https://www.audible.com/pd/History/Ordinary-Men-Audiobook/B01N7XXQCR
The Tyranny of George III,history,https://www.audible.com/pd/History/The-Tyranny-of-George-III-Audiobook/B01KGDN3QS
Waterloo,history,https://www.audible.com/pd/History/Waterloo-Audiobook/B00U02WUS8
Fearless,history,https://www.audible.com/pd/Bios-Memoirs/Fearless-Audiobook/B00846MR0S
A Bright Shining Lie,history,https://www.audible.com/pd/History/A-Bright-Shining-Lie-Audiobook/B002VA9Z4Y
The Young Elizabeth I,history,https://www.audible.com/pd/Bios-Memoirs/The-Young-Elizabeth-I-Audiobook/B01DPQ31TM
The Monk of Mokha,history,https://www.audible.com/pd/History/The-Monk-of-Mokha-Audiobook/B075DLLZQ9
Hue 1968,history,https://www.audible.com/pd/History/Hue-1968-Audiobook/B072N8QZ9P
Road to Jonestown,history,https://www.audible.com/pd/Bios-Memoirs/Road-to-Jonestown-Audiobook/B06XDDCR76
Napoleon,history,https://www.audible.com/pd/Bios-Memoirs/Napoleon-Audiobook/B00OSJZ7BQ
Destruction of Black Civilization,history,https://www.audible.com/pd/History/Destruction-of-Black-Civilization-Audiobook/B074SW3RP2
The World Is Flat,history,https://www.audible.com/pd/History/The-World-Is-Flat-Audiobook/B002V018ZS
Empire of the Summer Moon,history,https://www.audible.com/pd/History/Empire-of-the-Summer-Moon-Audiobook/B01KBD5FKK
Darkest Hour,history,https://www.audible.com/pd/Bios-Memoirs/Darkest-Hour-Audiobook/B074CNG3KX
The Rise of Rome,history,https://www.audible.com/pd/History/The-Rise-of-Rome-Audiobook/B078HDSHQJ
King Leopold's Ghost,history,https://www.audible.com/pd/History/King-Leopolds-Ghost-Audiobook/B003UN4KV4
On Combat,history,https://www.audible.com/pd/History/On-Combat-Audiobook/B00FJJTO0Y
The Billion Dollar Spy,history,https://www.audible.com/pd/Bios-Memoirs/The-Billion-Dollar-Spy-Audiobook/B00XKCMCH4
The Making of the Atomic Bomb,history,https://www.audible.com/pd/History/The-Making-of-the-Atomic-Bomb-Audiobook/B01B1ZA7DM
The Celtic World,history,https://www.audible.com/pd/History/The-Celtic-World-Audiobook/B07BHXDXW9
Understanding Japan,history,https://www.audible.com/pd/History/Understanding-Japan-Audiobook/B011LUCFZU
SPQR,history,https://www.audible.com/pd/History/SPQR-Audiobook/B01865AOJW
"The Last Lion: Winston Spencer Churchill, Volume I: Visions of Glory 1874-1932",history,https://www.audible.com/pd/Bios-Memoirs/The-Last-Lion-Winston-Spencer-Churchill-Volume-I-Visions-of-Glory-1874-1932-Audiobook/B002V1C022
The Second World War,history,https://www.audible.com/pd/History/The-Second-World-War-Audiobook/B008CPVW4S
Killing Patton,history,https://www.audible.com/pd/History/Killing-Patton-Audiobook/B00KMYWNL8
The Decline and Fall of the Roman Empire,history,https://www.audible.com/pd/History/The-Decline-and-Fall-of-the-Roman-Empire-Audiobook/B00VXXUFYO
"The Civil War: A Narrative, Volume I, Fort Sumter to Perryville",history,https://www.audible.com/pd/History/The-Civil-War-A-Narrative-Volume-I-Fort-Sumter-to-Perryville-Audiobook/B0036NMFRY
Slavery by Another Name,history,https://www.audible.com/pd/History/Slavery-by-Another-Name-Audiobook/B003NTRUEO
The Rise of Theodore Roosevelt,history,https://www.audible.com/pd/Bios-Memoirs/The-Rise-of-Theodore-Roosevelt-Audiobook/B003O9I8BW
"The Last Lion: Winston Spencer Churchill, Volume 3",history,https://www.audible.com/pd/Bios-Memoirs/The-Last-Lion-Winston-Spencer-Churchill-Volume-3-Audiobook/B009PPO61K
Food: A Cultural Culinary History,history,https://www.audible.com/pd/History/Food-A-Cultural-Culinary-History-Audiobook/B00D8EMBVQ
The Vietnam War,history,https://www.audible.com/pd/History/The-Vietnam-War-Audiobook/B074G6D8K4
Truman,history,https://www.audible.com/pd/Bios-Memoirs/Truman-Audiobook/B004W1ROSY
Hill 488,history,https://www.audible.com/pd/History/Hill-488-Audiobook/B00WGSJHVC
The American Civil War,history,https://www.audible.com/pd/History/The-American-Civil-War-Audiobook/B00DICDCG6
Havana Nocturne,history,https://www.audible.com/pd/History/Havana-Nocturne-Audiobook/B002V0PNM2
Bill O'Reilly's Legends and Lies: The Patriots,history,https://www.audible.com/pd/History/Bill-OReillys-Legends-and-Lies-The-Patriots-Audiobook/B01D3DZMDK
American Military History: From Colonials to Counterinsurgents,history,https://www.audible.com/pd/History/American-Military-History-From-Colonials-to-Counterinsurgents-Audiobook/B07944G7YD
The Gulag Archipelago,history,https://www.audible.com/pd/History/The-Gulag-Archipelago-Audiobook/B002V59SC8
The Lessons of History,history,https://www.audible.com/pd/History/The-Lessons-of-History-Audiobook/B002V08DQ0
Skunk Works,history,https://www.audible.com/pd/History/Skunk-Works-Audiobook/B011LR4PW4
The Future Is History,history,https://www.audible.com/pd/History/The-Future-Is-History-Audiobook/B0753YFS8S
The Foundations of Western Civilization,history,https://www.audible.com/pd/History/The-Foundations-of-Western-Civilization-Audiobook/B00DIATCXA
White Trash,history,https://www.audible.com/pd/History/White-Trash-Audiobook/B01H62F8G0
Where Do We Go from Here,history,https://www.audible.com/pd/Bios-Memoirs/Where-Do-We-Go-from-Here-Audiobook/B078TLKSGD
"The History of the United States, 2nd Edition",history,https://www.audible.com/pd/History/The-History-of-the-United-States-2nd-Edition-Audiobook/B00DIHAN68
The History of Ancient Egypt,history,https://www.audible.com/pd/History/The-History-of-Ancient-Egypt-Audiobook/B00DICD9BE
Lies My Teacher Told Me,history,https://www.audible.com/pd/History/Lies-My-Teacher-Told-Me-Audiobook/B002V8MCI2
The Emerald Tablets of Thoth the Atlantean,history,https://www.audible.com/pd/History/The-Emerald-Tablets-of-Thoth-the-Atlantean-Audiobook/B077J38BQX
A Long Way Gone,history,https://www.audible.com/pd/Bios-Memoirs/A-Long-Way-Gone-Audiobook/B00DGXTUUO
Aztecs and the Roots of Mexican Cooking,history,https://www.audible.com/pd/History/Aztecs-and-the-Roots-of-Mexican-Cooking-Audiobook/B01I3O3164
The Gatekeepers,history,https://www.audible.com/pd/Bios-Memoirs/The-Gatekeepers-Audiobook/B01N4O0QCF
The House of Morgan,history,https://www.audible.com/pd/Bios-Memoirs/The-House-of-Morgan-Audiobook/B00H9JEIDA
The Butchering Art,history,https://www.audible.com/pd/History/The-Butchering-Art-Audiobook/B075Y1KNTZ
The Woman Who Smashed Codes,history,https://www.audible.com/pd/Bios-Memoirs/The-Woman-Who-Smashed-Codes-Audiobook/B075K5P8HR
American Originals: Booker T. Washington,history,https://www.audible.com/pd/Bios-Memoirs/American-Originals-Booker-T-Washington-Audiobook/B01B3BQJB8
Coyote America,history,https://www.audible.com/pd/History/Coyote-America-Audiobook/B01M06978P
Raising Men,history,https://www.audible.com/pd/History/Raising-Men-Audiobook/B01EX8O5UK
"Sneferu, The Pyramid Builder",history,https://www.audible.com/pd/History/Sneferu-The-Pyramid-Builder-Audiobook/B01DPQ4D8U
The History of Money,history,https://www.audible.com/pd/History/The-History-of-Money-Audiobook/B0036C8R1S
A Colony in a Nation,history,https://www.audible.com/pd/History/A-Colony-in-a-Nation-Audiobook/B01N5W5FOC
"The Gulag Archipelago, Volume II",history,https://www.audible.com/pd/History/The-Gulag-Archipelago-Volume-II-Audiobook/B005JZIW0Q
Citizen Soldiers,history,https://www.audible.com/pd/Bios-Memoirs/Citizen-Soldiers-Audiobook/B004KACW3Y
The Great Departure,history,https://www.audible.com/pd/History/The-Great-Departure-Audiobook/B01D3Q25EG
The Great Bridge,history,https://www.audible.com/pd/History/The-Great-Bridge-Audiobook/B0080JBGZQ
Bury My Heart at Wounded Knee,history,https://www.audible.com/pd/History/Bury-My-Heart-at-Wounded-Knee-Audiobook/B002V9ZEA4
Inside Delta Force,history,https://www.audible.com/pd/History/Inside-Delta-Force-Audiobook/B0050OCT2S
The Return of Marco Polo's World,history,https://www.audible.com/pd/History/The-Return-of-Marco-Polos-World-Audiobook/B075FBKC7G
Hadrian's Wall,history,https://www.audible.com/pd/History/Hadrians-Wall-Audiobook/B07BRT2DVZ
Way of the Reaper,history,https://www.audible.com/pd/Bios-Memoirs/Way-of-the-Reaper-Audiobook/B01GF72HRU
The Accidental President,history,https://www.audible.com/pd/History/The-Accidental-President-Audiobook/B075G11C85
Helmet for My Pillow,history,https://www.audible.com/pd/Bios-Memoirs/Helmet-for-My-Pillow-Audiobook/B00FOXCPXI
A World Undone,history,https://www.audible.com/pd/History/A-World-Undone-Audiobook/B0085NZ77A
Dialects and the Fallacy of Blackboard Grammar,history,https://www.audible.com/pd/History/Dialects-and-the-Fallacy-of-Blackboard-Grammar-Audiobook/B01DPSKTUO
The Doomsday Machine,history,https://www.audible.com/pd/History/The-Doomsday-Machine-Audiobook/B077NQ3158
The Fall and Rise of China,history,https://www.audible.com/pd/History/The-Fall-and-Rise-of-China-Audiobook/B00DIAUENC
The Hot Zone,history,https://www.audible.com/pd/History/The-Hot-Zone-Audiobook/B004XJ60P8
Malcolm X: The Last Speeches,history,https://www.audible.com/pd/History/Malcolm-X-The-Last-Speeches-Audiobook/B00B1FPTMC
"The Autobiography of Martin Luther King, Jr.",history,https://www.audible.com/pd/History/The-Autobiography-of-Martin-Luther-King-Jr-Audiobook/B002V01BJQ
American Originals: Helen Keller,history,https://www.audible.com/pd/History/American-Originals-Helen-Keller-Audiobook/B01B8IS4NW
The Forgotten Soldier,history,https://www.audible.com/pd/Bios-Memoirs/The-Forgotten-Soldier-Audiobook/B06XD1Y3WD
Thomas Jefferson and the Tripoli Pirates,history,https://www.audible.com/pd/History/Thomas-Jefferson-and-the-Tripoli-Pirates-Audiobook/B0146TTE5W
Left of Bang,history,https://www.audible.com/pd/History/Left-of-Bang-Audiobook/B0187WEUN0
Island of the Lost,history,https://www.audible.com/pd/History/Island-of-the-Lost-Audiobook/B01DCNHXGA
Lions of Kandahar,history,https://www.audible.com/pd/Bios-Memoirs/Lions-of-Kandahar-Audiobook/B008210EVY
The Best and the Brightest,history,https://www.audible.com/pd/History/The-Best-and-the-Brightest-Audiobook/B071VF482C
Narrative of the Life of Frederick Douglass,history,https://www.audible.com/pd/Bios-Memoirs/Narrative-of-the-Life-of-Frederick-Douglass-Audiobook/B015CYJON2
The Six Wives of Henry VIII,history,https://www.audible.com/pd/Bios-Memoirs/The-Six-Wives-of-Henry-VIII-Audiobook/B009PRIE2K
Where Men Win Glory,history,https://www.audible.com/pd/Bios-Memoirs/Where-Men-Win-Glory-Audiobook/B002V0M5NM
No Easy Day,history,https://www.audible.com/pd/Bios-Memoirs/No-Easy-Day-Audiobook/B0092POGIG
American Originals: Abigail Adams,history,https://www.audible.com/pd/Bios-Memoirs/American-Originals-Abigail-Adams-Audiobook/B01B3BNKXS
Bill O'Reilly's Legends and Lies: The Civil War,history,https://www.audible.com/pd/History/Bill-OReillys-Legends-and-Lies-The-Civil-War-Audiobook/B06XK94C5V
History's Great Military Blunders and the Lessons They Teach,history,https://www.audible.com/pd/History/Historys-Great-Military-Blunders-and-the-Lessons-They-Teach-Audiobook/B015983X2O
What the Constitution Says,history,https://www.audible.com/pd/History/What-the-Constitution-Says-Audiobook/B01KGDVFTU
At Home,history,https://www.audible.com/pd/History/At-Home-Audiobook/B0042FWTTE
Destined for War,history,https://www.audible.com/pd/History/Destined-for-War-Audiobook/B071YG9W5S
The Path Between the Seas,history,https://www.audible.com/pd/History/The-Path-Between-the-Seas-Audiobook/B004KO0Z6Q
Into the Fire: A Firsthand Account of the Most Extraordinary Battle in the Afghan War,history,https://www.audible.com/pd/Bios-Memoirs/Into-the-Fire-A-Firsthand-Account-of-the-Most-Extraordinary-Battle-in-the-Afghan-War-Audiobook/B009CC9IDW
Parting the Waters,history,https://www.audible.com/pd/History/Parting-the-Waters-Audiobook/B002UZMPXI
Bellevue,history,https://www.audible.com/pd/History/Bellevue-Audiobook/B01M3NWBGL
Sapiens,history,https://www.audible.com/pd/History/Sapiens-Audiobook/B075LW9SF6
Beyond Band of Brothers,history,https://www.audible.com/pd/Bios-Memoirs/Beyond-Band-of-Brothers-Audiobook/B002V0QPT2
Killer Elite: Completely Revised and Updated,history,https://www.audible.com/pd/History/Killer-Elite-Completely-Revised-and-Updated-Audiobook/B073ZLTNK9
Killing Reagan,history,https://www.audible.com/pd/History/Killing-Reagan-Audiobook/B00YNFR23G
Black Hawk Down,history,https://www.audible.com/pd/History/Black-Hawk-Down-Audiobook/B007IKJQMI
The Emerald Mile,history,https://www.audible.com/pd/History/The-Emerald-Mile-Audiobook/B00P2VCB6S
Life in a Medieval City,history,https://www.audible.com/pd/History/Life-in-a-Medieval-City-Audiobook/B074KLX5J2
The Wordy Shipmates,history,https://www.audible.com/pd/History/The-Wordy-Shipmates-Audiobook/B002VA3AMW
Colonial Cookery in North America,history,https://www.audible.com/pd/History/Colonial-Cookery-in-North-America-Audiobook/B01I3O3S9Y
The Vikings,history,https://www.audible.com/pd/History/The-Vikings-Audiobook/B00DJ6K6KG
Prague Winter,history,https://www.audible.com/pd/Bios-Memoirs/Prague-Winter-Audiobook/B007V5HW0I
The Great Trials of World History and the Lessons They Teach Us,history,https://www.audible.com/pd/History/The-Great-Trials-of-World-History-and-the-Lessons-They-Teach-Us-Audiobook/B077MPF9MW
The Ascent of Money,history,https://www.audible.com/pd/Business/The-Ascent-of-Money-Audiobook/B002V5B7PO
"Confucius, Buddha, Jesus, and Muhammad",history,https://www.audible.com/pd/History/Confucius-Buddha-Jesus-and-Muhammad-Audiobook/B00D99RPF2
The Taking of K-129,history,https://www.audible.com/pd/History/The-Taking-of-K-129-Audiobook/B0754L12RS
Hitler's Soldiers,history,https://www.audible.com/pd/History/Hitlers-Soldiers-Audiobook/B079Q86448
Church History in Plain Language,history,https://www.audible.com/pd/History/Church-History-in-Plain-Language-Audiobook/B00GTWYXTW
The Guns of August,history,https://www.audible.com/pd/History/The-Guns-of-August-Audiobook/B002V5CUFK
God,history,https://www.audible.com/pd/History/God-Audiobook/B074HFKH8K
George Washington's Secret Six,history,https://www.audible.com/pd/History/George-Washingtons-Secret-Six-Audiobook/B00G6ZOHAW
The Federalist Papers,history,https://www.audible.com/pd/History/The-Federalist-Papers-Audiobook/B0711XVGW4
The Girls of Atomic City,history,https://www.audible.com/pd/History/The-Girls-of-Atomic-City-Audiobook/B00G3EI0ZE
Mythology,history,https://www.audible.com/pd/History/Mythology-Audiobook/B00B9F9O1G
Heart of Europe,history,https://www.audible.com/pd/History/Heart-of-Europe-Audiobook/B071WDF9J8
Lost in Shangri-La,history,https://www.audible.com/pd/History/Lost-in-Shangri-La-Audiobook/B004WFX9Q6
The Final Days,history,https://www.audible.com/pd/History/The-Final-Days-Audiobook/B079MD3RHZ
The Perfect Horse,history,https://www.audible.com/pd/History/The-Perfect-Horse-Audiobook/B01II96IE6
The Worst Hard Time,history,https://www.audible.com/pd/History/The-Worst-Hard-Time-Audiobook/B002V1CKB8
Democracy in America,history,https://www.audible.com/pd/Classics/Democracy-in-America-Audiobook/B0044EOCA2
"The Civil War: A Narrative, Vol. 2",history,https://www.audible.com/pd/History/The-Civil-War-A-Narrative-Vol-2-Audiobook/B01LWQNLSY
The Marshall Plan,history,https://www.audible.com/pd/History/The-Marshall-Plan-Audiobook/B0786STWMD
A History of the United States in Five Crashes,history,https://www.audible.com/pd/History/A-History-of-the-United-States-in-Five-Crashes-Audiobook/B06Y468234
The Zookeeper's Wife,history,https://www.audible.com/pd/History/The-Zookeepers-Wife-Audiobook/B002V1AEL6
19 Minutes to Live,history,https://www.audible.com/pd/History/19-Minutes-to-Live-Audiobook/B07BN18SJM
The Half Has Never Been Told,history,https://www.audible.com/pd/History/The-Half-Has-Never-Been-Told-Audiobook/B00N22R9P2
Farewell to Manzanar,history,https://www.audible.com/pd/Bios-Memoirs/Farewell-to-Manzanar-Audiobook/B00B2R2GRU
Command and Control,history,https://www.audible.com/pd/History/Command-and-Control-Audiobook/B00ELPIT26
Crucible of War,history,https://www.audible.com/pd/History/Crucible-of-War-Audiobook/B079Q8W9ZY
The Rape of Nanking,history,https://www.audible.com/pd/History/The-Rape-of-Nanking-Audiobook/B002UZKSEG
The Bully Pulpit,history,https://www.audible.com/pd/Bios-Memoirs/The-Bully-Pulpit-Audiobook/B00DEKZOKE
Astoria,history,https://www.audible.com/pd/History/Astoria-Audiobook/B00I0AK6YW
Playing with Fire,history,https://www.audible.com/pd/History/Playing-with-Fire-Audiobook/B074F9DSM5
The Killing School,history,https://www.audible.com/pd/History/The-Killing-School-Audiobook/B072MHR8CW
"The Mission, the Men, and Me",history,https://www.audible.com/pd/Bios-Memoirs/The-Mission-the-Men-and-Me-Audiobook/B00H59GQB6
A Book of Five Rings,history,https://www.audible.com/pd/History/A-Book-of-Five-Rings-Audiobook/B00M0VX16W
Legacy of Ashes,history,https://www.audible.com/pd/History/Legacy-of-Ashes-Audiobook/B002V8MA7A
"The American West: History, Myth, and Legacy",history,https://www.audible.com/pd/History/The-American-West-History-Myth-and-Legacy-Audiobook/B074B9W1BZ
The History of Spain: Land on a Crossroad,history,https://www.audible.com/pd/History/The-History-of-Spain-Land-on-a-Crossroad-Audiobook/B073PJ2227
Gunfight,history,https://www.audible.com/pd/History/Gunfight-Audiobook/B00CMRM00C
American Caesar,history,https://www.audible.com/pd/Bios-Memoirs/American-Caesar-Audiobook/B002V00U3E
The Fourth Turning,history,https://www.audible.com/pd/History/The-Fourth-Turning-Audiobook/B002UZN3YI
D-Day,history,https://www.audible.com/pd/History/D-Day-Audiobook/B009YATOIG
The Birth of Television,history,https://www.audible.com/pd/History/The-Birth-of-Television-Audiobook/B01B8JJI18
Speeches by Martin Luther King Jr.: The Ultimate Collection,history,https://www.audible.com/pd/History/Speeches-by-Martin-Luther-King-Jr-The-Ultimate-Collection-Audiobook/B004NQTUB2
Longitude,history,https://www.audible.com/pd/History/Longitude-Audiobook/B002V5BASS
This Kind of War,history,https://www.audible.com/pd/History/This-Kind-of-War-Audiobook/B003WHB9B2
Coming of Age in Mississippi,history,https://www.audible.com/pd/Bios-Memoirs/Coming-of-Age-in-Mississippi-Audiobook/B00AR1XEE6
The Red Circle: My Life in the Navy SEAL Sniper Corps and How I Trained America's Deadliest Marksmen,history,https://www.audible.com/pd/Bios-Memoirs/The-Red-Circle-My-Life-in-the-Navy-SEAL-Sniper-Corps-and-How-I-Trained-Americas-Deadliest-Marksmen-Audiobook/B008HRGNM2
The Road Not Taken,history,https://www.audible.com/pd/Bios-Memoirs/The-Road-Not-Taken-Audiobook/B0788XTZHD
Caesar,history,https://www.audible.com/pd/History/Caesar-Audiobook/B00MFQLERK
Six Days of War,history,https://www.audible.com/pd/History/Six-Days-of-War-Audiobook/B002V0PWJG
"The Civil War: A Narrative, Vol. 3",history,https://www.audible.com/pd/History/The-Civil-War-A-Narrative-Vol-3-Audiobook/B06XY44R3H
Red Platoon,history,https://www.audible.com/pd/History/Red-Platoon-Audiobook/B01D0IBQFQ
The Origins of Political Order: From Prehuman Times to the French Revolution,history,https://www.audible.com/pd/History/The-Origins-of-Political-Order-From-Prehuman-Times-to-the-French-Revolution-Audiobook/B006P482NC
The Last Battle,history,https://www.audible.com/pd/History/The-Last-Battle-Audiobook/B007XWSEXS
A Higher Call,history,https://www.audible.com/pd/History/A-Higher-Call-Audiobook/B00BH5BOCU
Blood and Thunder,history,https://www.audible.com/pd/History/Blood-and-Thunder-Audiobook/B002V8LFJY
No Man’s Land,history,https://www.audible.com/pd/History/No-Mans-Land-Audiobook/B075SHFM3V
In Harm's Way,history,https://www.audible.com/pd/History/In-Harms-Way-Audiobook/B01KIQGXWO
Red Famine,history,https://www.audible.com/pd/History/Red-Famine-Audiobook/B074F5LD8J
Brave Companions,history,https://www.audible.com/pd/History/Brave-Companions-Audiobook/B014I52NU2
The Story of World War II,history,https://www.audible.com/pd/History/The-Story-of-World-War-II-Audiobook/B008VEZY62
An Indigenous Peoples' History of the United States,history,https://www.audible.com/pd/History/An-Indigenous-Peoples-History-of-the-United-States-Audiobook/B00P1RW1CC
American Nations,history,https://www.audible.com/pd/History/American-Nations-Audiobook/B0066BRACI
The Great Game,history,https://www.audible.com/pd/History/The-Great-Game-Audiobook/B074ZJ9LRY
Shadow Divers,history,https://www.audible.com/pd/History/Shadow-Divers-Audiobook/B002V57VVS
Hero of the Empire,history,https://www.audible.com/pd/Bios-Memoirs/Hero-of-the-Empire-Audiobook/B01J6GNT24
A Man on the Moon: The Voyages of the Apollo Astronauts,history,https://www.audible.com/pd/History/A-Man-on-the-Moon-The-Voyages-of-the-Apollo-Astronauts-Audiobook/B016J1NMR6
How Artificial Languages Work,history,https://www.audible.com/pd/History/How-Artificial-Languages-Work-Audiobook/B01DPSKOFE
Too Big to Fail,history,https://www.audible.com/pd/History/Too-Big-to-Fail-Audiobook/B0036NA8R8
The Age of Benjamin Franklin,history,https://www.audible.com/pd/Bios-Memoirs/The-Age-of-Benjamin-Franklin-Audiobook/B079TBLFDX
The Boy on the Wooden Box,history,https://www.audible.com/pd/Bios-Memoirs/The-Boy-on-the-Wooden-Box-Audiobook/B00EFE2ZMI
Warriors Don't Cry,history,https://www.audible.com/pd/Bios-Memoirs/Warriors-Dont-Cry-Audiobook/B0062PG01U
The Last Castle,history,https://www.audible.com/pd/History/The-Last-Castle-Audiobook/B075V9ZM2K
"The Last Lion: Winston Spencer Churchill, Volume II: Alone, 1932-1940: Winston Spencer Churchill, Volume II: Alone, 1932-1940",history,https://www.audible.com/pd/Bios-Memoirs/The-Last-Lion-Winston-Spencer-Churchill-Volume-II-Alone-1932-1940-Winston-Spencer-Churchill-Volume-II-Alone-1932-1940-Audiobook/B002V5GQBO
An Economic History of the World since 1400,history,https://www.audible.com/pd/History/An-Economic-History-of-the-World-since-1400-Audiobook/B01K4ZNTFS
The Seamstress,history,https://www.audible.com/pd/Bios-Memoirs/The-Seamstress-Audiobook/B006R6FCOU
All the President's Men,history,https://www.audible.com/pd/History/All-the-Presidents-Men-Audiobook/B0095YTAL2
Behemoth,history,https://www.audible.com/pd/History/Behemoth-Audiobook/B078NGS6DM
The Disappearing Spoon,history,https://www.audible.com/pd/Bios-Memoirs/The-Disappearing-Spoon-Audiobook/B003ZZK5IY
American Radical,history,https://www.audible.com/pd/Bios-Memoirs/American-Radical-Audiobook/B074F41J3Z
The Death and Life of Great American Cities,history,https://www.audible.com/pd/History/The-Death-and-Life-of-Great-American-Cities-Audiobook/B005KLTZM8
Chariots of the Gods,history,https://www.audible.com/pd/History/Chariots-of-the-Gods-Audiobook/B004TBLO06
Sea Power,history,https://www.audible.com/pd/History/Sea-Power-Audiobook/B071V86KLC
A History of Russia: From Peter the Great to Gorbachev,history,https://www.audible.com/pd/History/A-History-of-Russia-From-Peter-the-Great-to-Gorbachev-Audiobook/B00DCAP13G
Dodge City,history,https://www.audible.com/pd/History/Dodge-City-Audiobook/B01N5SPH7R
Five Days at Memorial,history,https://www.audible.com/pd/History/Five-Days-at-Memorial-Audiobook/B00EF8CX4O
Black Flags,history,https://www.audible.com/pd/History/Black-Flags-Audiobook/B014RQLOEI
Seabiscuit,history,https://www.audible.com/pd/History/Seabiscuit-Audiobook/B0049Q38VE
Apollo 8,history,https://www.audible.com/pd/History/Apollo-8-Audiobook/B06Y5Q7YHS
The Wars of the Roses,history,https://www.audible.com/pd/History/The-Wars-of-the-Roses-Audiobook/B00OHX9OBW
The Immortal Irishman,history,https://www.audible.com/pd/Bios-Memoirs/The-Immortal-Irishman-Audiobook/B01B57RCFW
Rebel Yell,history,https://www.audible.com/pd/History/Rebel-Yell-Audiobook/B00M9IYS68
The History of Ancient Rome,history,https://www.audible.com/pd/History/The-History-of-Ancient-Rome-Audiobook/B00DIGLIHC
The Skeptic's Guide to American History,history,https://www.audible.com/pd/History/The-Skeptics-Guide-to-American-History-Audiobook/B00DHOS3PA
Personal Memoirs of Ulysses S. Grant,history,https://www.audible.com/pd/Bios-Memoirs/Personal-Memoirs-of-Ulysses-S-Grant-Audiobook/B004CM3W48
Malcolm X: A Life of Reinvention,history,https://www.audible.com/pd/Bios-Memoirs/Malcolm-X-A-Life-of-Reinvention-Audiobook/B004U74OZQ
The German Aces Speak,history,https://www.audible.com/pd/History/The-German-Aces-Speak-Audiobook/B076B2S14J
Full Battle Rattle,history,https://www.audible.com/pd/Bios-Memoirs/Full-Battle-Rattle-Audiobook/B078TPH3ZB
One Summer,history,https://www.audible.com/pd/History/One-Summer-Audiobook/B00EFAB442
Letter from Birmingham Jail,history,https://www.audible.com/pd/Bios-Memoirs/Letter-from-Birmingham-Jail-Audiobook/B00CC0IMDS
SEAL Team Six,history,https://www.audible.com/pd/Bios-Memoirs/SEAL-Team-Six-Audiobook/B004Z8D6EK
Wild Swans,history,https://www.audible.com/pd/Bios-Memoirs/Wild-Swans-Audiobook/B006JQXUCY
Masters of War: History's Greatest Strategic Thinkers,history,https://www.audible.com/pd/History/Masters-of-War-Historys-Greatest-Strategic-Thinkers-Audiobook/B00DEL0LYC
The Plantagenets,history,https://www.audible.com/pd/History/The-Plantagenets-Audiobook/B00BSUVFZK
Relentless Strike,history,https://www.audible.com/pd/History/Relentless-Strike-Audiobook/B013EVHUZY
The Killing Zone,history,https://www.audible.com/pd/Bios-Memoirs/The-Killing-Zone-Audiobook/B06XDRNRYQ
1177 B.C.,history,https://www.audible.com/pd/History/1177-BC-Audiobook/B00J3F55BM
Foundations of Western Civilization II: A History of the Modern Western World,history,https://www.audible.com/pd/History/Foundations-of-Western-Civilization-II-A-History-of-the-Modern-Western-World-Audiobook/B00D8DIE0E
The Secret History of the World,history,https://www.audible.com/pd/History/The-Secret-History-of-the-World-Audiobook/B002V57VYK
Barbarians at the Gate,history,https://www.audible.com/pd/Business/Barbarians-at-the-Gate-Audiobook/B002UZZ5SA
Common Sense,history,https://www.audible.com/pd/History/Common-Sense-Audiobook/B0066BS0GI
American Serengeti,history,https://www.audible.com/pd/History/American-Serengeti-Audiobook/B0716F9GXL
Living the French Revolution and the Age of Napoleon,history,https://www.audible.com/pd/History/Living-the-French-Revolution-and-the-Age-of-Napoleon-Audiobook/B00DN98N86
Born Survivors,history,https://www.audible.com/pd/History/Born-Survivors-Audiobook/B01N10XAMI
Victorious Century,history,https://www.audible.com/pd/History/Victorious-Century-Audiobook/B075Y2LY9M
The Structure of Scientific Revolutions,history,https://www.audible.com/pd/History/The-Structure-of-Scientific-Revolutions-Audiobook/B002VA3B2Q
The Invention of Air ,history,https://www.audible.com/pd/History/The-Invention-of-Air-Audiobook/B002V9Z41I
Black Fortunes,history,https://www.audible.com/pd/History/Black-Fortunes-Audiobook/B0775125G8
Rubicon,history,https://www.audible.com/pd/History/Rubicon-Audiobook/B006BEVX9Q
Irena's Children,history,https://www.audible.com/pd/Bios-Memoirs/Irenas-Children-Audiobook/B01L7Q8F66
A History of the World in 6 Glasses,history,https://www.audible.com/pd/History/A-History-of-the-World-in-6-Glasses-Audiobook/B004SHJHDW
The Early Middle Ages,history,https://www.audible.com/pd/History/The-Early-Middle-Ages-Audiobook/B00DIAW2P0
If You Survive,history,https://www.audible.com/pd/Bios-Memoirs/If-You-Survive-Audiobook/B00JS8N77S
World War I: The Great War,history,https://www.audible.com/pd/History/World-War-I-The-Great-War-Audiobook/B00DL7WLGA
Battle Cry of Freedom: Volume 1,history,https://www.audible.com/pd/History/Battle-Cry-of-Freedom-Volume-1-Audiobook/B002V1AGOQ
All the Single Ladies,history,https://www.audible.com/pd/History/All-the-Single-Ladies-Audiobook/B019R1V0RE
"Among Heroes: A U.S. Navy SEAL's True Story of Friendship, Heroism, and the Ultimate Sacrifice",history,https://www.audible.com/pd/Bios-Memoirs/Among-Heroes-A-US-Navy-SEALs-True-Story-of-Friendship-Heroism-and-the-Ultimate-Sacrifice-Audiobook/B00XBNDBG8
Up from Slavery,history,https://www.audible.com/pd/Bios-Memoirs/Up-from-Slavery-Audiobook/B002VA8GBW
No Ordinary Time,history,https://www.audible.com/pd/History/No-Ordinary-Time-Audiobook/B004Z4R1I6
The Purple Diaries,history,https://www.audible.com/pd/Arts-Entertainment/The-Purple-Diaries-Audiobook/B01M5K4QOO
"Master of the Senate - The Years of Lyndon Johnson, Volume III (Part 1 of a 3-Part Recording)",history,https://www.audible.com/pd/Bios-Memoirs/Master-of-the-Senate-The-Years-of-Lyndon-Johnson-Volume-III-Part-1-of-a-3-Part-Recording-Audiobook/B002VA98WI
Bill O'Reilly's Legends and Lies,history,https://www.audible.com/pd/History/Bill-OReillys-Legends-and-Lies-Audiobook/B00USAGB96
The Pentagon's Brain,history,https://www.audible.com/pd/History/The-Pentagons-Brain-Audiobook/B013RL018E
American Ulysses,history,https://www.audible.com/pd/Bios-Memoirs/American-Ulysses-Audiobook/B01KBMP8R6
Father and I Were Ranchers,history,https://www.audible.com/pd/Bios-Memoirs/Father-and-I-Were-Ranchers-Audiobook/B002V9ZDNM
A History of India,history,https://www.audible.com/pd/History/A-History-of-India-Audiobook/B01F2BZ3OY
The Lemon Tree,history,https://www.audible.com/pd/History/The-Lemon-Tree-Audiobook/B00HNETI86
The Swerve,history,https://www.audible.com/pd/History/The-Swerve-Audiobook/B005QPB3X2
The Sleepwalkers,history,https://www.audible.com/pd/History/The-Sleepwalkers-Audiobook/B00PUQLRLA
"A Patriot’s History of the United States, Updated Edition",history,https://www.audible.com/pd/History/A-Patriots-History-of-the-United-States-Updated-Edition-Audiobook/B019G15PLW
The Medici,history,https://www.audible.com/pd/Arts-Entertainment/The-Medici-Audiobook/B01CPWLDSI
Augustus,history,https://www.audible.com/pd/Bios-Memoirs/Augustus-Audiobook/B00MXDGT2A
Devil in the Grove,history,https://www.audible.com/pd/History/Devil-in-the-Grove-Audiobook/B00CYNLSIO
The Generals,history,https://www.audible.com/pd/History/The-Generals-Audiobook/B017C1DF1K
The History of the Medieval World,history,https://www.audible.com/pd/History/The-History-of-the-Medieval-World-Audiobook/B0038U1116
The Fourth Industrial Revolution,history,https://www.audible.com/pd/Business/The-Fourth-Industrial-Revolution-Audiobook/B01N0SXAZG
William Tecumseh Sherman,history,https://www.audible.com/pd/Bios-Memoirs/William-Tecumseh-Sherman-Audiobook/B01GF4DEN4
Maya to Aztec: Ancient Mesoamerica Revealed,history,https://www.audible.com/pd/History/Maya-to-Aztec-Ancient-Mesoamerica-Revealed-Audiobook/B00TKIYO46
Iron Kingdom,history,https://www.audible.com/pd/History/Iron-Kingdom-Audiobook/B01NB013H9
We Were Soldiers Once... and Young,history,https://www.audible.com/pd/History/We-Were-Soldiers-Once-and-Young-Audiobook/B07C9CFNBG
Salt,history,https://www.audible.com/pd/History/Salt-Audiobook/B002V1JA0M
"Morning Star, Midnight Sun",history,https://www.audible.com/pd/History/Morning-Star-Midnight-Sun-Audiobook/B079NHQR11
Dog Company,history,https://www.audible.com/pd/Bios-Memoirs/Dog-Company-Audiobook/B06XPPSM3Y
World Order,history,https://www.audible.com/pd/History/World-Order-Audiobook/B00N1BDU84
Service,history,https://www.audible.com/pd/Bios-Memoirs/Service-Audiobook/B00803W0XY
Dereliction of Duty,history,https://www.audible.com/pd/History/Dereliction-of-Duty-Audiobook/B06XJ83MB2
Native Peoples of North America,history,https://www.audible.com/pd/History/Native-Peoples-of-North-America-Audiobook/B01MF66KQ6
Washington's Spies,history,https://www.audible.com/pd/History/Washingtons-Spies-Audiobook/B00GFZV5QM
The Time Traveller's Guide to Medieval England,history,https://www.audible.com/pd/History/The-Time-Travellers-Guide-to-Medieval-England-Audiobook/B002V1O8PO
The Ottoman Empire,history,https://www.audible.com/pd/History/The-Ottoman-Empire-Audiobook/B071DXVYFQ
World Without Mind,history,https://www.audible.com/pd/History/World-Without-Mind-Audiobook/B0752VWK6C
The Dead Sea Scrolls,history,https://www.audible.com/pd/History/The-Dead-Sea-Scrolls-Audiobook/B00D97T33G
Catherine the Great,history,https://www.audible.com/pd/History/Catherine-the-Great-Audiobook/B00609RYH2
On China,history,https://www.audible.com/pd/History/On-China-Audiobook/B0050ISJPA
Dead Mountain,history,https://www.audible.com/pd/History/Dead-Mountain-Audiobook/B00IO4RVQ0
It Ended Badly,history,https://www.audible.com/pd/History/It-Ended-Badly-Audiobook/B0176PGIYI
The Greater Journey,history,https://www.audible.com/pd/Bios-Memoirs/The-Greater-Journey-Audiobook/B004ZL2STG
Medical Apartheid,history,https://www.audible.com/pd/History/Medical-Apartheid-Audiobook/B01C92B6FE
Hackers: Heroes of the Computer Revolution,history,https://www.audible.com/pd/History/Hackers-Heroes-of-the-Computer-Revolution-Audiobook/B017RUZC4E
Martin Luther King,history,https://www.audible.com/pd/History/Martin-Luther-King-Audiobook/B003165KL4
Collision of Empires,history,https://www.audible.com/pd/History/Collision-of-Empires-Audiobook/B07884Z438
1066: The Year That Changed Everything,history,https://www.audible.com/pd/History/1066-The-Year-That-Changed-Everything-Audiobook/B00D94TX02
Christianity,history,https://www.audible.com/pd/History/Christianity-Audiobook/B003EISJLC
The Rising Sun,history,https://www.audible.com/pd/History/The-Rising-Sun-Audiobook/B00L9GHGQK
Going Clear,history,https://www.audible.com/pd/History/Going-Clear-Audiobook/B00AYKQNNY
Hiroshima,history,https://www.audible.com/pd/History/Hiroshima-Audiobook/B004QP669E
Eleanor and Hick,history,https://www.audible.com/pd/Bios-Memoirs/Eleanor-and-Hick-Audiobook/B01LW80WZT
Amazing Grace,history,https://www.audible.com/pd/Bios-Memoirs/Amazing-Grace-Audiobook/B002VA9XPU
The Devil's Chessboard,history,https://www.audible.com/pd/History/The-Devils-Chessboard-Audiobook/B014KHS3F2
The Republic of Pirates,history,https://www.audible.com/pd/History/The-Republic-of-Pirates-Audiobook/B013V2QVLK
Our Oriental Heritage,history,https://www.audible.com/pd/History/Our-Oriental-Heritage-Audiobook/B00FZYU6IC
How the Irish Saved Civilization,history,https://www.audible.com/pd/History/How-the-Irish-Saved-Civilization-Audiobook/B002UZKT86
Lafayette in the Somewhat United States,history,https://www.audible.com/pd/Bios-Memoirs/Lafayette-in-the-Somewhat-United-States-Audiobook/B013S5I6B8
Histories,history,https://www.audible.com/pd/Classics/Histories-Audiobook/B01FKX2766
October,history,https://www.audible.com/pd/History/October-Audiobook/B06XWG6X42
The Story of Medieval England: From King Arthur to the Tudor Conquest,history,https://www.audible.com/pd/History/The-Story-of-Medieval-England-From-King-Arthur-to-the-Tudor-Conquest-Audiobook/B00DGBC6Y8
Churchill,history,https://www.audible.com/pd/Bios-Memoirs/Churchill-Audiobook/B07BH2H1T9
The Willie Lynch Letter and the Making of a Slave,history,https://www.audible.com/pd/History/The-Willie-Lynch-Letter-and-the-Making-of-a-Slave-Audiobook/B00H5B9GTS
Against the Grain,history,https://www.audible.com/pd/History/Against-the-Grain-Audiobook/B079VR2JRN
Stalin,history,https://www.audible.com/pd/Bios-Memoirs/Stalin-Audiobook/B07BB4P5NZ
KL: A History of the Nazi Concentration Camps,history,https://www.audible.com/pd/History/KL-A-History-of-the-Nazi-Concentration-Camps-Audiobook/B00V70V5IS
At the Dark End of the Street,history,https://www.audible.com/pd/History/At-the-Dark-End-of-the-Street-Audiobook/B006CSSALA
An Army at Dawn: The War in North Africa (1942-1943),history,https://www.audible.com/pd/History/An-Army-at-Dawn-The-War-in-North-Africa-1942-1943-Audiobook/B00CBKIDUG
Carnivore,history,https://www.audible.com/pd/Bios-Memoirs/Carnivore-Audiobook/B00CRKQJO2
Into Africa,history,https://www.audible.com/pd/History/Into-Africa-Audiobook/B002V5A1JC
Black Hearts,history,https://www.audible.com/pd/History/Black-Hearts-Audiobook/B00BWVM3AQ
D DAY Through German Eyes,history,https://www.audible.com/pd/History/D-DAY-Through-German-Eyes-Audiobook/B01DFG9CWC
Lords of Finance,history,https://www.audible.com/pd/Bios-Memoirs/Lords-of-Finance-Audiobook/B002V8OGPO
Never Caught,history,https://www.audible.com/pd/History/Never-Caught-Audiobook/B01MTDA2II
Turning Points in American History,history,https://www.audible.com/pd/History/Turning-Points-in-American-History-Audiobook/B00DGCGRA6
1493,history,https://www.audible.com/pd/History/1493-Audiobook/B005F5JT3E
The Fate of Rome,history,https://www.audible.com/pd/History/The-Fate-of-Rome-Audiobook/B076TCCB4T
The Ghost Map,history,https://www.audible.com/pd/History/The-Ghost-Map-Audiobook/B002V8HF5C
Postwar: A History of Europe Since 1945,history,https://www.audible.com/pd/History/Postwar-A-History-of-Europe-Since-1945-Audiobook/B004I6XPO0
The Johnstown Flood,history,https://www.audible.com/pd/History/The-Johnstown-Flood-Audiobook/B002V59TOA
Charlemagne,history,https://www.audible.com/pd/History/Charlemagne-Audiobook/B0757TXSNN
Suicide of the West,history,https://www.audible.com/pd/History/Suicide-of-the-West-Audiobook/B077BSM3V7
How Language Began,history,https://www.audible.com/pd/History/How-Language-Began-Audiobook/B07BDQ9WY7
What Hath God Wrought,history,https://www.audible.com/pd/History/What-Hath-God-Wrought-Audiobook/B002V5B6I2
The Medieval World,history,https://www.audible.com/pd/History/The-Medieval-World-Audiobook/B00DDU3ALA
Open Veins of Latin America,history,https://www.audible.com/pd/History/Open-Veins-of-Latin-America-Audiobook/B002V9ZDF0
The Day the World Came to Town,history,https://www.audible.com/pd/History/The-Day-the-World-Came-to-Town-Audiobook/B0721N9F47
Elephant Company,history,https://www.audible.com/pd/History/Elephant-Company-Audiobook/B00N9GVLKK
Disappointment River,history,https://www.audible.com/pd/History/Disappointment-River-Audiobook/B078KHQP3P
Ancient Greece,history,https://www.audible.com/pd/History/Ancient-Greece-Audiobook/B07BDQ8HVM
Raven Rock,history,https://www.audible.com/pd/History/Raven-Rock-Audiobook/B06XX5V69F
Civics Test Audio Study Guide for the U.S. Citizenship Naturalization and the American Civics Exam,history,https://www.audible.com/pd/History/Civics-Test-Audio-Study-Guide-for-the-US-Citizenship-Naturalization-and-the-American-Civics-Exam-Audiobook/B075XPYZ14
The Faithful Executioner,history,https://www.audible.com/pd/History/The-Faithful-Executioner-Audiobook/B076KVJ5CX
"Understanding Imperial China: Dynasties, Life, and Culture",history,https://www.audible.com/pd/History/Understanding-Imperial-China-Dynasties-Life-and-Culture-Audiobook/B0758LTFB4
The History of the Renaissance World,history,https://www.audible.com/pd/History/The-History-of-the-Renaissance-World-Audiobook/B00FA4VID4
Cold War Navy SEAL,history,https://www.audible.com/pd/History/Cold-War-Navy-SEAL-Audiobook/B07BBWC979
The Run of His Life,history,https://www.audible.com/pd/History/The-Run-of-His-Life-Audiobook/B011W2Y2CQ
The Evangelicals,history,https://www.audible.com/pd/History/The-Evangelicals-Audiobook/B076663C4J
The Fleet at Flood Tide,history,https://www.audible.com/pd/History/The-Fleet-at-Flood-Tide-Audiobook/B01K5V4CXE
Blind Man's Bluff,history,https://www.audible.com/pd/History/Blind-Mans-Bluff-Audiobook/B01H42FHRM
The Oregon Trail,history,https://www.audible.com/pd/History/The-Oregon-Trail-Audiobook/B00XUTR6QE
History of the Ancient World: A Global Perspective,history,https://www.audible.com/pd/History/History-of-the-Ancient-World-A-Global-Perspective-Audiobook/B00DJUK74W
American Betrayal: The Secret Assault on Our Nation’s Character,history,https://www.audible.com/pd/History/American-Betrayal-The-Secret-Assault-on-Our-Nations-Character-Audiobook/B07BB2PLVF
Kissinger,history,https://www.audible.com/pd/Bios-Memoirs/Kissinger-Audiobook/B00D3NK2PY
The Last Stand of Fox Company,history,https://www.audible.com/pd/History/The-Last-Stand-of-Fox-Company-Audiobook/B002V8MS3Q
A Handful of Hard Men,history,https://www.audible.com/pd/History/A-Handful-of-Hard-Men-Audiobook/B0747YCWH2
Skeletons on the Zahara,history,https://www.audible.com/pd/History/Skeletons-on-the-Zahara-Audiobook/B00J54P7AU
The Reformation,history,https://www.audible.com/pd/History/The-Reformation-Audiobook/B06XSKH3XV
In the Kingdom of Ice,history,https://www.audible.com/pd/History/In-the-Kingdom-of-Ice-Audiobook/B00LI2UI5Q
The Russian Revolution,history,https://www.audible.com/pd/History/The-Russian-Revolution-Audiobook/B072Y3T488
The Origins of Totalitarianism,history,https://www.audible.com/pd/History/The-Origins-of-Totalitarianism-Audiobook/B002V0QIIU
Out of the Mountains,history,https://www.audible.com/pd/History/Out-of-the-Mountains-Audiobook/B07CCYPD9X
The Federalist Papers,history,https://www.audible.com/pd/History/The-Federalist-Papers-Audiobook/B004H6EA5Y
From Babylon to Timbuktu,history,https://www.audible.com/pd/History/From-Babylon-to-Timbuktu-Audiobook/B073D9P9YZ
Grandma Gatewood's Walk,history,https://www.audible.com/pd/History/Grandma-Gatewoods-Walk-Audiobook/B00QL2QLS6
Blitzed,history,https://www.audible.com/pd/History/Blitzed-Audiobook/B06X9ZHMB4
Civilization,history,https://www.audible.com/pd/History/Civilization-Audiobook/B005WWSZQ2
The Finest Hours,history,https://www.audible.com/pd/History/The-Finest-Hours-Audiobook/B007QVNM6K
Gulag,history,https://www.audible.com/pd/History/Gulag-Audiobook/B007KBQKV0
Blood in the Water,history,https://www.audible.com/pd/History/Blood-in-the-Water-Audiobook/B071GRQ8DJ
Lenin,history,https://www.audible.com/pd/Bios-Memoirs/Lenin-Audiobook/B074SY26ZY
Redemption,history,https://www.audible.com/pd/Bios-Memoirs/Redemption-Audiobook/B07B53NSDR
Ship of Ghosts,history,https://www.audible.com/pd/History/Ship-of-Ghosts-Audiobook/B002V8KWGQ
The Decisive Battles of World History,history,https://www.audible.com/pd/History/The-Decisive-Battles-of-World-History-Audiobook/B00IXXNABC
The Rise and Fall of the British Empire,history,https://www.audible.com/pd/History/The-Rise-and-Fall-of-the-British-Empire-Audiobook/B00DHJ3M6K
The Second World War: Milestones to Disaster,history,https://www.audible.com/pd/History/The-Second-World-War-Milestones-to-Disaster-Audiobook/B002V0JW7Y
The Romanovs,history,https://www.audible.com/pd/History/The-Romanovs-Audiobook/B01D21QN86
The Heart of Everything That Is,history,https://www.audible.com/pd/History/The-Heart-of-Everything-That-Is-Audiobook/B00FRQEDAA
Jack Hinson's One-Man War,history,https://www.audible.com/pd/History/Jack-Hinsons-One-Man-War-Audiobook/B01M2CXBAC
The Aviators,history,https://www.audible.com/pd/Bios-Memoirs/The-Aviators-Audiobook/B00EIOM58E
Paddy Whacked,history,https://www.audible.com/pd/History/Paddy-Whacked-Audiobook/B01FMZD6OE
The Federalist Papers,history,https://www.audible.com/pd/History/The-Federalist-Papers-Audiobook/B002V8H24G
Battle Cry of Freedom: Volume 2,history,https://www.audible.com/pd/History/Battle-Cry-of-Freedom-Volume-2-Audiobook/B002V1NYBS
Battle for the Falklands,history,https://www.audible.com/pd/History/Battle-for-the-Falklands-Audiobook/B00KO56EXI
Mein Kampf: A New Translation for American Readers,history,https://www.audible.com/pd/History/Mein-Kampf-A-New-Translation-for-American-Readers-Audiobook/B01NAGDEFG
The Storm of Steel,history,https://www.audible.com/pd/Bios-Memoirs/The-Storm-of-Steel-Audiobook/B003I6913K
The Big Burn,history,https://www.audible.com/pd/History/The-Big-Burn-Audiobook/B002VA3E8M
Dynasty,history,https://www.audible.com/pd/History/Dynasty-Audiobook/B0163K5H1C
Founding Brothers,history,https://www.audible.com/pd/History/Founding-Brothers-Audiobook/B01HFGRKMW
Orientalism,history,https://www.audible.com/pd/History/Orientalism-Audiobook/B004H2RFIW
To Rule the Waves,history,https://www.audible.com/pd/History/To-Rule-the-Waves-Audiobook/B01MRXZIE1
Cyberspies,history,https://www.audible.com/pd/History/Cyberspies-Audiobook/B01FV0BT8U
Cicero: The Life and Times of Rome's Greatest Politician,history,https://www.audible.com/pd/Bios-Memoirs/Cicero-The-Life-and-Times-of-Romes-Greatest-Politician-Audiobook/B00PRAGZWU
Boyd,history,https://www.audible.com/pd/Bios-Memoirs/Boyd-Audiobook/B01I5OKXKO
Secret Lives of the First Ladies,history,https://www.audible.com/pd/History/Secret-Lives-of-the-First-Ladies-Audiobook/B00FBOC0GM
Caesar and Christ,history,https://www.audible.com/pd/History/Caesar-and-Christ-Audiobook/B00IFL2GS0
American Pain,history,https://www.audible.com/pd/History/American-Pain-Audiobook/B016P66380
The Coldest Winter,history,https://www.audible.com/pd/History/The-Coldest-Winter-Audiobook/B002V5CSPW
The Reformation,history,https://www.audible.com/pd/History/The-Reformation-Audiobook/B00OZ653UM
Lincoln on Leadership,history,https://www.audible.com/pd/Business/Lincoln-on-Leadership-Audiobook/B002V0GFDS
The History of Christianity II: From the Reformation to the Modern Megachurch,history,https://www.audible.com/pd/History/The-History-of-Christianity-II-From-the-Reformation-to-the-Modern-Megachurch-Audiobook/B0778PYGNS
Mayflower,history,https://www.audible.com/pd/History/Mayflower-Audiobook/B002V5CLXQ
